نص السؤال 	رقم السورة 	رقم الآية 	رقم آية 1	رقم آية 2	رقم آية 3
ترى من يُفضّل بعض المشركين أو الملحدين على المسلمين بدعوى أنهم أكثر إنسانية أو أفضل أخلاقاَ ، اذكر آية تستدل بها على هؤلاء لتبين لهن أن الله شنع على من يفضل كافراً على مؤمن .	4	﴿أَلَمْ  تَرَ  إِلَى  الَّذِينَ أُوتُـوا نَصِيبًا مِّنَ الْكِتَابِ يُؤْمِنُونَ بِالْجِبْتِ وَالطَّاغُوتِ وَيَقُولُونَ لِلَّذِينَ كَفَرُوا هَٰؤُلَاءِ أَهْـدَىٰ مِنَ الَّذِينَ آمَنُوا سَبِيلًا ۝ أُولَٰئِكَ الَّذِينَ لَعَنَهُمُ اللَّهُ ۖ وَمَن يَلْـعَنِ اللَّهُ فَلَن تَجِدَ لَهُ نَصِيرًا ﴾  [النساء:51-52] فهذه الآية كانت في قومٍ من اليهود يفضّلون الكفار على المسلمين بجهلهم، وقلة دينهم، وكفرهم بكتاب الله الذي بأيديهم . 	51	52	
بعض الشباب و الفتيات لا يلتزم بأمر الله عز وجل في التعامل مع الجنس الآخر ، و يدخل في ذلك مسائل غض البصر مثلاً . فإذا راجعته قال لك يا أخي أنا بشر من لحم و دم و نوازع و الفتنة شديدة.  اذكر آية تُبيّن في سياقها أن الله تعالى ما شرع الذي شرع لنا من حدود في العلاقة بين الرجل و المرأة إلا و هو تعالى يعلم ما لدينا من نوازع ، فحد هذه الحدود رحمة بنا حتى لا نقع في الآثار المدمرة للفوضى الأخلاقية. 	4	﴿يُرِيدُ اللَّهُ لِيُبَيِّنَ لَـكُمْ وَيَهْدِيَكُمْ سُنَنَ الَّذِينَ مِن قَبْـلِكُمْ وَيَتُوبَ عَلَيْكُمْ ۗ وَاللَّهُ عَلِيمٌ حَكِيمٌ ۝ وَاللَّهُ يُرِيدُ أَن يَـتُوبَ عَلَيْكُمْ وَيُرِيدُ الَّذِينَ يَتَّبِعُونَ الشَّهَوَاتِ أَن تَمِيلُوا مَيْلًا عَظِيمًا۝ يُرِيدُ اللَّهُ أَن يُخَفِّفَ عَنكُمْ ۚ #وَخُلِقَ الْإِنسَانُ ضَعِيفًا#﴾ [النساء:26-28] يخبرنا الله -تعالى- أنه يُسهّل علينا في أحكام الشرع  فيما أمرنا به وما نهانا عنه، وهو يعلم -سبحانه- أن الإنسان خلق ضعيفًا يستميله هواه وشهوته، ولا يصبر عن النساء. (مستفاد من تفسير البغوي). 	26	27	28
اذكر آية تبين أن بعض الناس يرتكبون المحرمات أكثر مما لو أنهم أُمروا بها أمراً شرعياً !	4	﴿وَلَوْ أَنَّا كَتَبْنَـا عَلَيْهِمْ أَنِ اقْتُلُوا أَنفُسَكُمْ أَوِ اخْرُجُوا مِن دِيَارِكُم مَّا فَعَلُوهُ إِلَّا قَلِيلٌ مِّنْهُمْ ۖ﴾ [النساء:66] قال ابن كثير: يخبر -تعالى- عن أكثر الناس أنهم لو أُمِروا بما هم مرتكبونه من المناهي لما فعلوه; لأن طباعهم الرديئة مجبولة على مخالفة الأمر، وهذا من علمه - تبارك وتعالى - بما لم يكن لو كان فكيف كان يكون. 	66		
ليس بالله تعالى من حاجة في عذاب الناس ، إنما العذاب جزاء السوء . اذكر آية تدل على أن العباد إذا كانوا من المؤمنين و أظهروا العرفان لله تعالى بجميله عليهم فإنه سبحانه و تعالى لا حاجة له بعذابهم .	4	﴿مَّا يَفْعَلُ اللَّهُ بِعَذَابِكُـمْ إِن شـَكَرْتُمْ وَآمَـنتُمْ ۚ وَكَانَ اللَّهُ شَاكِرًا عَلِيـمًا﴾ [النساء:147] قال القرطبي: استفهام بمعنى التقرير للمنافقين. التقدير: أي منفعة له في عذابكم إن شكرتم وآمنتم؛ فنبه تعالى أنه لا يعذب الشاكر المؤمن، وأن تعذيبه عباده لا يزيد في ملكه، وتركه عقوبتهم على فعلهم لا ينقص من سلطانه. 	147		
اذكر آية يتضح فيها المعنى الذي ذكرناه من قبل أن القرآن ينسب الفضل إلى الله فيما يحصل للنبي من خير بينما ينسب التسبب في المكروهات على النفس إلى النبي إن أصابه شيء منها 	4	{ مَّاۤ أَصَابَكَ مِنۡ حَسَنَةࣲ فَمِنَ ٱللَّهِۖ وَمَاۤ أَصَابَكَ مِن سَیِّئَةࣲ فَمِن نَّفۡسِكَۚ }[سُورَةُ النِّسَاءِ: ٧٩]	79		
من الناس من يبرر الإعراض عن حكم الله و تعطيل العمل به من باب الحفاظ على السلم المجتمعي و التعايش بين أهل الملل المختلفة . اذكر آيات تحكي عن أمثالهم هذا العذر ، و الرد عليهم .	4	{ أَلَمۡ تَرَ إِلَى ٱلَّذِینَ یَزۡعُمُونَ أَنَّهُمۡ ءَامَنُوا۟ بِمَاۤ أُنزِلَ إِلَیۡكَ وَمَاۤ أُنزِلَ مِن قَبۡلِكَ یُرِیدُونَ أَن یَتَحَاكَمُوۤا۟ إِلَى ٱلطَّـٰغُوتِ وَقَدۡ أُمِرُوۤا۟ أَن یَكۡفُرُوا۟ بِهِۦۖ وَیُرِیدُ ٱلشَّیۡطَـٰنُ أَن یُضِلَّهُمۡ ضَلَـٰلَۢا بَعِیدࣰا (٦٠) وَإِذَا قِیلَ لَهُمۡ تَعَالَوۡا۟ إِلَىٰ مَاۤ أَنزَلَ ٱللَّهُ وَإِلَى ٱلرَّسُولِ رَأَیۡتَ ٱلۡمُنَـٰفِقِینَ یَصُدُّونَ عَنكَ صُدُودࣰا (٦١) فَكَیۡفَ إِذَاۤ أَصَـٰبَتۡهُم مُّصِیبَةُۢ بِمَا قَدَّمَتۡ أَیۡدِیهِمۡ ثُمَّ جَاۤءُوكَ یَحۡلِفُونَ بِٱللَّهِ إِنۡ أَرَدۡنَاۤ إِلَّاۤ إِحۡسَـٰنࣰا وَتَوۡفِیقًا (٦٢) }[سُورَةُ النِّسَاءِ: ٦٠-٦٢]	60	61	62
يفتح الله أبواب التوبة ، و المفسدون يحرفون الداخلين عنها . اذكر آية تدل على هذا المعنى. 	4	{ وَٱللَّهُ یُرِیدُ أَن یَتُوبَ عَلَیۡكُمۡ وَیُرِیدُ ٱلَّذِینَ یَتَّبِعُونَ ٱلشَّهَوَ ٰ⁠تِ أَن تَمِیلُوا۟ مَیۡلًا عَظِیمࣰا }[سُورَةُ النِّسَاءِ: ٢٧]	27		
من أنواع اللام لام العلة و لام التقوية ، إذا قلت : إني نصير لك ، فاللام هنا تسمى لام التقوية ، بينما في قوله تعالى : { إِنَّ ٱلَّذِینَ یَغُضُّونَ أَصۡوَ ٰ⁠تَهُمۡ عِندَ رَسُولِ ٱللَّهِ أُو۟لَـٰۤىِٕكَ ٱلَّذِینَ ٱمۡتَحَنَ ٱللَّهُ قُلُوبَهُمۡ لِلتَّقۡوَىٰۚ }[سُورَةُ الحُجُرَاتِ: ٣] ،فاللام لام العلة.  و التقدير امتحن قلوبهم لأجل التقوى ، أي لتكون فيها التقوى . اذكر أربع كلمات من آية يؤدي عدم معرفة أن اللام فيها لام علة إلى سوء فهم كأن الله تعالى ينهى نبيه أن يقف موقفاً من قوم سوء .	4	﴿إِنّا أَنزَلنا إِلَيكَ الكِتابَ بِالحَقِّ لِتَحكُمَ بَينَ النّاسِ بِما أَراكَ اللَّهُ #وَلا تَكُن لِلخائِنينَ خَصيمًا#﴾  [النساء:105]. قال السعدي رحمه الله: (أي لا تخاصم عَن مَن عرفت خيانته، من مدّعٍ ما ليس له، أو منكرٍ حقا عليه، سواء علم ذلك أو ظنه. ففي هذا دليل على تحريم الخصومة في باطل، والنيابة عن المبطل في الخصومات الدينية والحقوق الدنيوية. ويدل مفهوم الآية على جواز الدخول في نيابة الخصومة لمن لم يعرف منه ظلم). وقد يفهم البعض أن المقصود لا تخاصم الخائنين وتجادلهم، لكن المقصود لا تخاصم من أجل الخائنين وتجادل عنهم، والدليل قول الله -تعالى- بعدها: ﴿وَلَا تُجَـٰدِلۡ عَنِ ٱلَّذِينَ يخۡتَانُونَ أَنفُسَهُمۡۚ إِنَّ ٱللَّهَ لَا يحِـبُّ مَن كَانَ خَوَّانًا أَثِيماً﴾ [سورة النساء 107]. 	105		
من حسن تعامل الإسلام مع الرقيق والإماء أنّه سمَاهم بتسمياتٍ تكرمهم وتشعرهم بحسن الصلة مع من يمتلكونهم وكأنهم من أفراد العائلة. اذكر كلمتين متفرقتين من آية فيهما هذا المعنى. 	4	﴿وَمَن لَّمْ يَسْتَطِعْ مِنكُمْ طَوْلًا أَن يَنكِحَ الْمُحْصَنَاتِ الْمُؤْمِنَـاتِ فَمِن مَّا مَلَكَـتْ أَيْمَانُكُم مِّن #فَتَيَاتِكُـمُ# الْمُؤْمِنَاتِ ۚ وَاللَّهُ أَعْلَمُ بِإِيمَانِكُـم ۚ بَعْضُكُم مِّن بَعْضٍ ۚ فَانكِحُوهُنَّ بِإِذْنِ #أَهْلِهِنَّ#﴾ [النساء25]. سمّاهن الله فتياتٍ وليس إماءً وقال عمن يملكهن أهلهن. وفي الحديث: (ولا يَقُلْ أحَدُكُمْ عَبْدِي أمَتِي، ولْيَقُلْ فَتايَ فَتاتي غُلامِي) (رواه مسلم). 	25		
لا يكفي المسلمَ أن يمتثل أمر الله و رسوله و يرجع إلى شرعه ، و إنما لا بد من الانقياد و ألا يكون في نفسه كراهية أو رفض لأمر الله ورسوله . اذكر آية فيها هذا المعنى .	4	﴿فَلَا وَرَبِّكَ لَا يُؤْمِنُونَ حَتَّىٰ يُحَكِّمُوكَ فِيمَـا شَجَرَ بَيْنَهُمْ ثُمَّ لَا يَجِدُوا فِي أَنفُسِهِمْ حَرَجًا مِّمَّا قَضَيْتَ وَيُسَلِّمُوا تَسْلِيمًا﴾ [النساء:65]. قال السعدي: (لا يكفي هذا التحكيم حتى ينتفي الحرج من قلوبهم والضيقُ...ثم لا يكفي ذلك حتى يُسَلِّموا لِحُكْمه تسليماً بانشراح صدر، وطمأنينة نفس، وانقياد بالظاهر والباطن...فمَن ترك هذا التحكيم المذكور غير ملتزم له فهو كافر، ومَن تركه، مع التزامه فله حكم أمثاله من العاصين). فالسعدي يفرق بين من يرفض مرجعية الشريعة ومن يُقر بها (يلتزمها) ويعترف بوجوب الرجوع إليها وكمالها وعدلها لكن يحيد عنها في بعض أمره. 	65		
يكنّي القرآن عن بعض الأمور التي قد يُستحيى من ذكرها ، و هذا من سموّ القرآن . اذكر كلمةً وردت في جزء اليوم كمثال على ذلك .	4	﴿يَا أَيُّهَا الَّذِينَ آمَنُوا لَا تَقْرَبُوا الصَّلَاةَ وَأَنتُمْ سُكَارَىٰ حَتَّىٰ تَعْلَمُوا مَا تَقُولُونَ وَلَا جُنُبًا إِلَّا عَابِرِي سَبِيلٍ حَتَّىٰ تَغْتَسِلُوا ۚ وَإِن كُنتُم مَّرْضَىٰ أَوْ عَلَىٰ سَفَرٍ أَوْ جَاءَ أَحَدٌ مِّنكُم مِّنَ #الْغَائِطِ# أَوْ لَامَسْتُمُ النِّسَاءَ فَلَمْ تَجِدُوا مَاءً فَتَيَمَّمُوا صَعِيدًا طَيِّبًا فَامْسَحُوا بِوُجُوهِكُمْ وَأَيْدِيكُـمْ ۗ إِنَّ اللَّهَ كَانَ عَفُوًّا غَفُورًا ﴾ [النساء:43] الغائط: هو المكان الـمُطْمَئِن من الأرض. كنى بذلك عن التغوط، وهو الحدث الأصغر. 	43		
الإنسان ذو الفطرة السليمة و القلب السليم إذا رأى مَن هو خير منه في الدين و الخلق فإن ذلك يسره و يتمنى لو كان مثله . أما صاحب النفس الدنيئة فإنه يحب أن ينزل الآخرون إلى مستواه و يصبحوا مثله .بل و يسعى في ذلك .	4	﴿الَّذِينَ #يَبْخَلُونَ وَيَأْمُرُونَ النَّاسَ بِالْبُخْلِ# وَيَكْتُمُونَ مَا آتَـاهُمُ اللَّهُ مِن فَضْلِهِ ۗ وَأَعْتَدْنَا لِلْكَافِرِينَ عَذَابًا مُّهِينًا﴾ [النساء:37]  ﴿أَلَمْ تَرَ إِلَى الَّذِينَ أُوتُوا نَصِيبًا مِّنَ الْكِتَابِ يَشْتَرُونَ الضَّلَالَةَ #وَيُرِيدُونَ أَن تَضِلُّوا السَّبِيلَ#﴾ [النساء:44] ﴿#وَدُّوا لَوْ تَكْفُرُونَ كَمَـا كَفَرُوا# فَتَكُونُونَ سَوَاءً ۖ فَلَا تَتَّخِذُوا مِنْهُمْ أَوْلِيَاءَ حَتَّىٰ يُهَاجِرُوا فِي سَبِيلِ اللَّهِ﴾ [النساء:89]	37	44	89
بعض الناس يعمل أعمالا من الخير ، لكن ليس بنية صالحة، أو لا يكون مؤمناً أصلاً . اذكر آية فيها صيغة تَعَجُّبٍ من حال من فوتوا على أنفسهم فرصة أجر أعمالهم مع أنهم عملوها .	4	﴿وَمَاذَا عَلَيْهِمْ لَوْ آمَنُوا بِاللَّهِ وَالْيَوْمِ الْآخِرِ وَأَنفَقُوا مِمَّـا رَزَقَهُمُ اللَّهُ ۚ وَكَانَ اللَّهُ بِهِمْ عَلِيمًا﴾ [النساء:39]. الآية قبلها: ﴿وَالَّذِيـنَ يُنفِقُونَ أَمْوَالَهُمْ رِئَاءَ النَّـاسِ وَلَا يُؤْمِنُونَ بِاللَّهِ وَلَا بِالْيَوْمِ الْآخِرِ ۗ وَمَن يَكُنِ الشَّيْطَانُ لَهُ قَرِينًا فَسَاءَ قَرِينًا﴾ [النساء:38]	39	38	
الأصل هو إحسان الظن بالمسلمين ، لكن عندما يتضح أن ممن ينتسبون إلى الإسلام مَن يتلبسون بصفات النفاق ، فلا ينبغي إحسان الظن بهم . بل قد عاتب الله تبارك و تعالى من لان في شأنهم . اذكر الآية التي وقعت فيها هذه المعاتبة. 	4	﴿فَمَا لَكُمْ فِي الْمُنَافِقِينَ فِئَتَيْنِ وَاللَّهُ أَرْكَسَهُم بِمَا كَسَبُوا ۚ أَتُرِيدُونَ أَن تَهْدُوا مَنْ أَضَلَّ اللَّهُ ۖ وَمَن يُضْلِلِ اللَّهُ فَلَن تَجِدَ لَهُ سَبِيلًا﴾ [النساء:88] المراد بالمنافقين في هذه الآية المنافقون المدَّعون للإسلام. لكن كان في حالهم دلائل نفاق واضحة، فَتَحرَّجَ بعض الصحابة من قتالهم. فبين الله أن هذا التردد لا ينبغي بعد ما ظهر من أحوالهم. قال ابن عاشور: (وإذ قد حدّث الله عنهم بما وصف من سابق الآي، فلا يحقّ التردّد في سوء نواياهم وكفرهم). 	88		
فعلُ أمرٍ استدل به المفسرون على أن الإيمان درجات و أنه يزيد و ينقص . اذكر هذا الفعل .	4	﴿يَا أَيُّهَا الَّذِينَ آمَنُوا #آمِنُوا# بِاللَّهِ وَرَسُولِهِ وَالْكِتَابِ الَّذِي نَزَّلَ عَلَىٰ رَسُولِهِ وَالْكِتَـابِ الَّذِي أَنـزَلَ مِن قَبْـلُ ۚ وَمَن يَكْفُرْ بِاللَّهِ وَمَلَائِكَتِهِ وَكُتُبِهِ وَرُسُلِهِ وَالْيَـوْمِ الْآخِرِ فَقَدْ ضَلَّ ضَلَالًا بَعِيدًا﴾ [النساء:136] قال السعدي: (اعلم أن الأمر إما أن يوجه إلى من لم يدخل في الشـيء ولم يتصـف بشيء منـه، فهذا يكون أمراً له في الدخول فيه، وذلك كأمرِ مَن ليس بمؤمن بالإيمان، كقوله تعالى: ﴿يَـا أَيُّهَا الَّذِينَ أُوتُوا الْكِتَـابَ آمِنُوا بِمَا نَزَّلْنَا مُصَدِّقًا لِّمَا مَعَكُم﴾ [النساء:47]. وإمـا أن يوجـه إلى من دخـل في الشيء فهذا يكون أمرُه ليصحح ما وُجد منه ويُحَصل ما لم يوجد. ومنه ما ذكره الله في هذه الآية من أمر المؤمنيـن بالإيمـان، فإن ذلك يقتضي أمرهم بما يُصَحح إيمانهم من الإخلاص والصدق، وتجنب المفسدات، والتوبة من جميع المنقِصات. ويـقتضي أيضـا الأمر بما لم يوجد من المؤمن من علوم الإيمان وأعماله، فإنه كلما وصل إليه نص وفهم معناه واعتقده فإن ذلك من الإيمان المأمور به. وكذلك سائر الأعمال الظاهرة والباطنة، كلها من الإيمان كما دلت على ذلك النصوص الكثيرة). وقال ابن كثير: (يأمر الله تعالى عباده المؤمنين بالدخول في جميع شرائع الإيمان وشعبه وأركانه ودعائمه، وليس هذا من باب تحصيل الحاصل، بل من باب تكميل الكامل وتقريره وتثبيته والاستمرار عليه. كما يقول المؤمن في كل صـلاة: ﴿اهْدِنَا الصِّرَاطَ الْمُسْتَقِيمَ﴾ [الفاتحة:6] أي: بصرنا فيه، وزدنا هدى، وثبتنا عليه. فأَمَرَهم بالإيمان به وبرسوله، كما قال تعالى: ﴿يَا أَيُّهَا الَّذِينَ آمَنُوا اتَّقُوا اللَّهَ وَآمِنُوا بِرَسُولِهِ﴾ [الحديد:28]). 	136		
آية من هذا الجزء تذكر بها صاحبات النزعة النِّسوية،  بأن تعرف كل واحدة دورها و حقها كأنثى،  فالله سبحانه حدد الحقوق و الواجبات بحكمته و علمه .	4	﴿وَلَا تَتَمَنَّوْا مَا فَضَّلَ اللَّهُ بِهِ بَعْضَكُمْ عَلَىٰ بَعْضٍ ۚ لِّلرِّجَالِ نَصِيبٌ مِّمَّا اكْتَسَبُوا ۖ وَلِلنِّسَاءِ نَصِيبٌ مِّمَّا اكْتَسَبْنَ ۚ وَاسْأَلُوا اللَّهَ مِن فَضْلِهِ ۗ إِنَّ اللَّهَ كَانَ بِكُلِّ شَيْءٍ عَلِيمًا﴾ [النساء:32]. وهو سبحانه القائل: ﴿أَلَا يَعْلَمُ مَنْ خَلَقَ وَهُوَ اللَّطِيفُ الْخَبِيرُ﴾ [الملك:14]. قال السعدي: (ينهى تعالى المؤمنين عن أن يتمنى بعضهم ما فضل الله به غيره من الأمور الممكنة وغير الممكنة. فلا تتمنى النساء خصائص الرجال التي بها فضَّلهم على النساء... ولأنه يقتضـي السخط على قدر الله والإخلاد إلى الكسل والأماني الباطلة التي لا يقترن بها عمل ولا كسب. وإنما المحمود أمران: أن يسعى العبد على حسب قدرته بما ينفعه من مصالحه الدينية والدنيوية، ويسأل الله تعالى من فضل). 	32		
قد يعصي أحدنا ثم لا يرى أثر معصيته في بدنه و ماله فيظن أنْ لا عقوبة ... و لكن هناك خمس كلمات من جزء اليوم تبين أن كل صاحب ذنبٍ سيناله جزاء ذنبه في العاجل أو في الآجل.  	4	﴿لَّيْسَ بِأَمَانِيِّكُمْ وَلَا أَمَـانِيِّ أَهْلِ الْكِتَابِ ۗ #مَن يَعْمَلْ سُوءًا يُجْزَ بِهِ# وَلَا يَجِدْ لَهُ مِن دُونِ اللَّهِ وَلِيًّا وَلَا نَصِيرًا﴾ [النساء:123] قال السعدي في قوله تعالى ﴿مَن يَعْمَلْ سُوءًا يُجْزَ بِهِ﴾: (وهذا شامل لجميـع العاملين، لأن السوء شامل لأي ذنب كان من صغائر الذنوب وكبائرها، وشامل أيضا لكل جزاء قليل أو كثير، دنيوي أو أخروي. والناس في هذا المقام درجات لا يعلمها إلا الله، فمستقل ومستكثر، فمن كان عمله كله سوءا، وذلك لا يكون إلا كافرا، فإذا مات من دون توبة جوزي بالخلود في العذاب الأليم. ومن كان عمله صالحا، وهو مستقيم في غالب أحواله، وإنما يصدر منه بعض الأحيان بعض الذنوب الصغار، فما يصيبه من الهم والغم والأذى و [بعض] الآلام في بدنه أو قلبه أو حبيبه أو ماله ونحو ذلك - فإنها مكفرات للذنوب، وهي مما يجزى به على عمله، قيَّضَها الله لطفا بعباده. وبين هذين الحالين مراتب كثيرة. وهذا الجزاء على عمل السوء العام مخصوص في غير التائبين، فإن التائب من الذنب كمَن لا ذنب له، كما دلت على ذلك النصوص). 	123		
بعض الناس يرى ما يتعرض له المضحون في سبيل الله،  فبدلاً من أن يفكر في نصرتهم بكل ما يستطيع ، يطمئن و يُسَر لعدم حصول الأذى له كما حصل لإخوانه.  و يكرّس الإعلام ذلك بتجبين المسلمين و تخذيلهم عن نصرة إخوانهم حتى لا يحل بهم مثلما حلَّ بإخوانهم هؤلاء . اذكر آية من جزء اليوم ينبغي أن توقظ مَن هذا حاله.	4	﴿وَإِنَّ مِنكُمْ لَمَن لَّيُبَطِّئَنَّ فَإِنْ أَصَابَتْكُم مُّصِيبَةٌ قَالَ قَدْ أَنْعَمَ اللَّهُ عَلَيَّ إِذْ لَمْ أَكُن مَّعَهُمْ شَهِيدًا﴾ [النساء:72] قال الطبري: (﴿فَإِنْ أَصَابَتْكُم مُّصِيبَةٌ﴾.. يقول: فإن أصابتكم هزيمة، أو نالكم قتل أو جراح من عدوكم ﴿قَالَ قَدْ أَنْعَمَ اللَّهُ عَلَيَّ إِذْ لَمْ أَكُن مَّعَهُمْ شَهِيدًا﴾، فيصيبني جراح أو ألم أو قتل، وسَرَّه تخلُّفُه عنكم، شماتة بكم، لأنه من أهل الشك في وعد الله الذي وعد المؤمنين على ما نالهم في سبيله من الأجر والثواب، وفي وعيده. فهو غيرُ راج ثواباً، ولا خائف عقاباً). مع التنبيه على أن كلامنا في السؤال ليس عن المسلم الذي عنده حرقة على الدين ويرى مع ذلك أن ما يُعَرّض بعض إخوانه نفسه له من المخاطر غير نافع للإسلام وأهله، وإنما عن الذي ليس للدين شأن كبير في نفسه فلا يحب أن يضحي في سبيله وإن كانت تضحيةً لأمر فيه نفع للدين وأهله. 	72		
من أعظم التفسير أن تفسر آيةٌ من القرآن آيةً أخرى ، كتفسير قوله تعالى { ٱلَّذِینَ ءَامَنُوا۟ وَلَمۡ یَلۡبِسُوۤا۟ إِیمَـٰنَهُم بِظُلۡمٍ  }[سُورَةُ الأَنۡعَامِ: ٨٢] بقوله تعالى { إِنَّ ٱلشِّرۡكَ لَظُلۡمٌ عَظِیمࣱ }[سُورَةُ لُقۡمَانَ: ١٣] ( النبي هو من وضح ذلك ردَّاً على سؤال الصحابة ). اذكر آية من جزء اليوم وضحت مَن هم الأقوام المقصودون في آية من أول جزء من أجزاء القرآن .	4	﴿وَمَـن يُطِعِ اللَّهَ وَالرَّسُولَ فَأُولَٰئِـكَ مَعَ الَّذِينَ أَنْعَمَ اللَّهُ عَـلَيْهِم مِّنَ النَّبِيِّينَ وَالصِّدِّيقِينَ وَالشُّهَدَاءِ وَالصَّالِحِينَ ۚ وَحَسُنَ أُولَٰئِكَ رَفِيقًا﴾ [النساء:69] قال ابن كثير في تفسير قوله تعالى من سورة الفاتحة ﴿الَّذِينَ أَنْعَمْتَ عَلَيْهِمْ﴾ هُمُ الْمَذْكُورُونَ فِي سُورَةِ النِّسَاءِ، حَيْثُ قَالَ: ﴿وَمَن يُطِعِ اللَّهَ وَالرَّسُولَ فَأُولَٰئِكَ مَعَ الَّذِينَ أَنْعَمَ اللَّهُ عَلَيْهِم مِّنَ النَّبِيِّينَ وَالصِّدِّيقِينَ وَالشُّهَدَاءِ وَالصَّالِحِينَ ۚ وَحَسُنَ أُولَٰئِكَ رَفِيقًا﴾. من عجيب ما حصل مع إحد أصدقائي قال: (إنه حصل معي أمر مضحك لكنّه مبهجٌ من ناحية أخرى، وهو أني قرأت هذا التفسير لابن كثير واندمجت معه، فحانت صلاة المغرب، ثم قرأت الفاتحة، حتى إذا جاء قوله تـعالى ﴿اهْدِنَا الصِّرَاطَ الْمُسْتَقِيمَ ۝ صِرَاطَ الَّذِينَ أَنْعَمْتَ عَلَيْهِمْ﴾، قلت ناسيـاً: صـراط الذين أنعمت عليهم من النبيين والصديقين والشهداء والصالحين! فأفقت على تسبيح من خلفي وتذكيرهم. فكاني مضحكاً لدمج الآيتين، مبهجاً لوصول المعنى إلى قلبي لدرجة أنني نسيت سياق الفاتحة.	69		
وَصَف الله عز وجل المنافقين بأنهم يبتغون العزة و العلو عند الكافرين كما قال تعالى { ٱلَّذِینَ یَتَّخِذُونَ ٱلۡكَـٰفِرِینَ أَوۡلِیَاۤءَ مِن دُونِ ٱلۡمُؤۡمِنِینَۚ أَیَبۡتَغُونَ عِندَهُمُ ٱلۡعِزَّةَ فَإِنَّ ٱلۡعِزَّةَ لِلَّهِ جَمِیعࣰا }[سُورَةُ النِّسَاءِ: ١٣٩]. اذكر جزءاً من آية يبيّن أن ذلك سيؤدي إلى جعلهم في مكانة في الآخرة على النقيض مما طلبوا تماماً.	4	﴿#إِنَّ الْمُنَافِقِينَ فِي الدَّرْكِ الْأَسْفَلِ مِنَ النَّارِ# وَلَن تَجِدَ لَهُمْ نَصِيرًا﴾ [النساء:145] هم أرادوا العزة والعلو فجُعلوا في الآخرة خالدين في هذا الدرك الأسفل من النار عياذاً بالله. 	145		
البعض قد يتستر على موظف اختلس من صاحب عملٍ أو خَان أمانته بمقدار لا يضر أصحاب العمل في نظره ، و يرى في ذلك رحمة بهذا الموظف ، و لكن الله لم يُسَمِّ ذلك رحمةً، بل أعطاه الاسم المناسب و نهى عنه . اذكر آية تدل على هذا المعنى. 	4	﴿يَا أَيُّهَا الَّذِينَ آمَنُوا كُونُوا قَوَّامِينَ بِالْقِسْطِ شُهَدَاءَ لِلَّهِ وَلَوْ عَلَىٰ أَنفُسِكُمْ أَوِ الْوَالِدَيْنِ وَالْأَقْرَبِينَ ۚ #إِن يَكُنْ غَنِيًّـا أَوْ فَقِيـرًا فَاللَّهُ أَوْلَىٰ بِهِمَا ۖ فَلَا تَتَّبِعُوا الْهَوَىٰ أَن تَعْدِلُوا# ۚ وَإِن تَلْوُوا أَوْ تُعْرِضُوا فَإِنَّ اللَّهَ كَانَ بِمَا تَعْمَلُونَ  خَبِيرًا﴾ [النساء:135] لاحظ قوله تعالى ﴿إِن يَكُنْ غَنِيًّا أَوْ فَقِيرًا﴾، فإنَّ فقْرَ شخصٍ ما قد يدفع مَن حولَه إلى التستر على خيانته للأمانة. فبين الله أنه سبحانه أولى بالناس وأرحم بهم، وأن فقر البعض وغنى الآخرين يجب ألا يمنع من الإدلاء بالشهادة الصحيحة في موضعها. قال ابن كثير: (وقوله ﴿إِن يَكُنْ غَنِيًّا أَوْ فَقِيرًا فَاللَّهُ أَوْلَىٰ بِهِمَا﴾ أي: لا ترعاه لغناه، ولا تشفق عليه لفقره، الله يتولاهما، بل هو أولى بهما منك، وأعلم بما فيه صلاحهما).	135		
آية من سورة الحديد فسَّرت آية من الجزء الخامس التي فسرها قول الله تعالى : { قِیلَ ٱرۡجِعُوا۟ وَرَاۤءَكُمۡ فَٱلۡتَمِسُوا۟ نُورࣰاۖ فَضُرِبَ بَیۡنَهُم بِسُورࣲ لَّهُۥ بَابُۢ بَاطِنُهُۥ فِیهِ ٱلرَّحۡمَةُ وَظَـٰهِرُهُۥ مِن قِبَلِهِ ٱلۡعَذَابُ }[سُورَةُ الحَدِيدِ: ١٣] ؟	4	﴿إِنَّ الْمُنَافِقِينَ يُخَادِعُونَ اللَّهَ وَهُوَ خَادِعُهُمْ﴾ [النساء:142]. قـال ابن كثير: (وَقَوْلُهُ: ﴿وَهُوَ خَادِعُهُمْ﴾ أَيْ: هُوَ الَّذِي يَسْتَدْرِجُهُمْ فِي طُغْيَانِهِمْ وَضَلَالِهِمْ، وَيَخْذُلُهُمْ عَنِ الْحَقِّ وَالْوُصُولِ إِلَيْهِ فِي الدُّنْيَا وَكَذَلِكَ فِي يَوْمِ الْقِيَامَةِ كَمَا قَالَ تَعَالَى: ﴿يَـوْمَ يَقُولُ الْمُنَافِقُونَ وَالْمُنَافِقَاتُ لِلَّذِينَ آمَنُوا انظُرُونَا نَقْتَبِسْ مِن نُّورِكُمْ قِيلَ ارْجِعُوا وَرَاءَكُمْ فَالْتَمِسُوا نُورًا فَضـُرِبَ بَيْنَهُم بِسُورٍ لَّهُ بَابٌ بَاطِنُهُ فِيهِ الرَّحْمَةُ وَظَاهِرُهُ مِن قِبَلِهِ الْعَذَابُ ۝ يُنَادُونَهُمْ أَلَمْ نَكُن مَّعَكُمْ ۖ قَالُوا بَلَىٰ وَلَٰكِنَّكُمْ فَتَنتُمْ أَنفُسَكُمْ وَتَرَبَّصْتُمْ وَارْتَبْتُمْ وَغَرَّتْكُمُ الْأَمَانِيُّ حَتَّىٰ جَاءَ أَمْرُ اللَّهِ وَغَرَّكُم بِاللَّهِ الْغَرُورُ ۝ فَالْيَوْمَ لَا يُؤْخَذُ مِنكُمْ فِدْيَةٌ وَلَا مِنَ الَّذِينَ كَفَرُوا ۚ مَأْوَاكُمُ النَّارُ ۖ هِيَ مَوْلَاكُمْ ۖ وَبِئْسَ الْمَصِيرُ﴾ [الحديد:13-15]). 	142		